{
  "modelo": "Gradient Boosting",
  "mae": 16615.273896071,
  "rmse": 24653.462433642737,
  "r2": 0.8784348271449818,
  "features": []
}